{
  "overall": {
    "accuracy": 0.6075353218210361,
    "precision_macro": 0.6881522747966916,
    "recall_macro": 0.6043945246226211,
    "f1_macro": 0.6077489556002138,
    "precision_weighted": 0.6893176393184984,
    "recall_weighted": 0.6075353218210361,
    "f1_weighted": 0.6097860876522325,
    "roc_auc_macro": 0.8604083759468371
  },
  "per_class": {
    "normal": {
      "precision": 0.44299674267100975,
      "recall": 0.8395061728395061,
      "f1_score": 0.579957356076759,
      "support": 162
    },
    "diabetic_retinopathy": {
      "precision": 0.9223300970873787,
      "recall": 0.572289156626506,
      "f1_score": 0.7063197026022305,
      "support": 166
    },
    "cataract": {
      "precision": 0.6712328767123288,
      "recall": 0.6242038216560509,
      "f1_score": 0.6468646864686468,
      "support": 157
    },
    "glaucoma": {
      "precision": 0.7160493827160493,
      "recall": 0.3815789473684211,
      "f1_score": 0.4978540772532189,
      "support": 152
    }
  },
  "confusion_matrix": [
    [
      136,
      5,
      10,
      11
    ],
    [
      60,
      95,
      4,
      7
    ],
    [
      52,
      2,
      98,
      5
    ],
    [
      59,
      1,
      34,
      58
    ]
  ]
}